timestamp	datetime	cpu_freq_max	cpu_freq_avg	cpu_temp	cpu_usage	pkg_w	core_w	uncore_w	dram_w	th_thermal	th_power	th_current	th_vr_th	th_vr_cur	pl1	pl2	bd_prochot	gpu_util	gpu_temp	gpu_power	mem_used	mem_total	mem_pct	net_rx	net_tx	disk_read	disk_write
1787295815.8962452	15:03:35	3400	2649.5	27.8	0.0	0	0	0	0	0	0	0	0	0	False	False	False	0	0	0	3690	11830	31.191885038038887	0	0	0	0
1787295891.5807846	15:04:51	3400	2673.0	27.8	0.0	0	0	0	0	0	0	0	0	0	False	False	False	0	0	0	3676	11830	31.073541842772613	0	0	0	0
1787295921.5873318	15:05:21	3400	1809.375	27.8	8.788547305051	10.474169682329057	6.365972852968361	2.21906328662061	1.5139426235795037	0	0	0	0	0	False	False	False	0	0	0	3701	11830	31.28486897717667	0	0	0	0
1787295997.2967138	15:06:37	3400	2870.625	27.8	0.0	0	0	0	0	0	0	0	0	0	False	False	False	0	0	0	3700	11830	31.276415891800507	0	0	0	0
1787296165.5766156	15:09:25	3399	2231.5	27.8	0.0	0	0	0	0	0	0	0	0	0	False	False	False	0	0	0	3710	11830	31.360946745562128	0	0	0	0
1787296200.3430111	15:10:00	3400	2628.75	27.8	9.382840795515648	10.896946426059635	6.423524969981299	2.2189919224234855	1.5150005273808178	0	0	0	0	0	False	False	False	0	0	0	3708	11830	31.344040574809807	0	0	0	0
1787296302.3985722	15:11:42	3400	1922.875	27.8	0.0	0	0	0	0	0	0	0	0	0	False	False	False	0	0	0	3716	11830	31.411665257819106	0	0	0	0
1787296870.2223163	15:21:10	3119	769.625	27.8	0.0	0	0	0	0	0	0	0	0	0	False	False	False	0	0	0	3652	11830	30.870667793744715	0	0	0	0
1787296918.9458578	15:21:58	3345	1312.75	27.8	0.0	0	0	0	0	0	0	0	0	0	False	False	False	0	0	0	3506	11830	29.636517328825025	0	0	0	0
1787298329.0366569	15:45:29	3088	1573.5	27.8	0.0	0	0	0	0	0	0	0	0	0	False	False	False	0	0	0	3688	11830	31.17497886728656	0	0	0	0
1787298360.0861747	15:46:00	2232	665.0	27.8	1.6984079233685265	3.7913440482992065	2.4325386569850282	0.3819178743462714	0.6097257220407589	0	0	0	0	0	False	False	False	0	0	0	3669	11830	31.014370245139478	0	0	0	0
1787298391.0898001	15:46:31	1365	648.75	27.8	2.0023138563209515	3.555803059184106	2.3687326492332965	0.2998063726255848	0.6269826884777473	0	0	0	0	0	False	False	False	0	0	0	3693	11830	31.217244294167372	0	0	0	0
1787298421.1328864	15:47:01	3400	2015.875	27.8	9.163864208298788	10.452144479973125	6.28115754335292	2.228466053442596	1.4524580227207426	0	0	0	0	0	False	False	False	0	0	0	3668	11830	31.005917159763314	0	0	0	0
1787298451.1791484	15:47:31	3400	2864.25	27.8	10.03271759249531	11.44962183833371	7.85967871678099	2.152329642791854	1.517065835168239	0	0	0	0	0	False	False	False	0	0	0	3740	11830	31.614539306847	0	0	0	0
1787298481.186829	15:48:01	3387	2540.375	27.8	9.389005553734886	10.639224676513823	6.246255004346601	2.210061524080228	1.456731911396258	0	0	0	0	0	False	False	False	0	0	0	3712	11830	31.377852916314453	0	0	0	0
1787298511.2921824	15:48:31	2900	2899.5	27.8	99.0249987999952	24.726119999498447	6.795107349964704	2.1979723644269313	1.480412518767345	0	0	0	0	0	False	False	False	0	0	0	3695	11830	31.234150464919697	0	0	0	0
1787298546.477954	15:49:06	3400	1705.875	27.8	8.573387653144158	10.270931921380122	6.297380425929066	2.1782103883985324	1.4583531707831265	0	0	0	0	0	False	False	False	0	0	0	3698	11830	31.259509721048182	0	0	0	0
1787298576.507463	15:49:36	3400	2232.5	27.8	10.366518955480428	12.262934092712776	8.177784277777635	2.2890617020163817	1.5258607471379995	0	0	0	0	0	False	False	False	0	0	0	3780	11830	31.952662721893493	0	0	0	0
1787298606.5720036	15:50:06	3399	2473.25	27.8	8.363211116031732	10.775866178911805	6.584321608975732	2.3046296269036444	1.4616605914069134	0	0	0	0	0	False	False	False	0	0	0	3712	11830	31.377852916314453	0	0	0	0
1787298641.340495	15:50:41	3400	2137.875	27.8	8.98128135129351	10.853471764757728	6.122740806513787	2.3282329633478174	1.4388071941059444	0	0	0	0	0	False	False	False	0	0	0	3679	11830	31.0989010989011	0	0	0	0
1787298671.4483747	15:51:11	2500	2499.25	27.8	99.575149500598	14.815439049488456	15.960477690591851	1.6909066467287666	1.5234358232419	0	0	0	0	0	False	False	False	0	0	0	3730	11830	31.53000845308538	0	0	0	0
1787298706.4008486	15:51:46	3400	2631.25	27.8	9.342017841432247	10.596519972875962	6.9240651839160865	2.082750597480814	1.4911960669187923	0	0	0	0	0	False	False	False	0	0	0	3668	11830	31.005917159763314	0	0	0	0
1787298736.4350872	15:52:16	3400	2022.5	27.8	8.555615987166318	10.380876117718529	6.334744883092099	2.1844356886433127	1.4668542545246213	0	0	0	0	0	False	False	False	0	0	0	3676	11830	31.073541842772613	0	0	0	0
1787298766.4688878	15:52:46	3400	2117.875	27.8	9.482318436344139	10.489149450972207	6.376623122625026	2.161801786375869	1.4691828725020353	0	0	0	0	0	False	False	False	0	0	0	3669	11830	31.014370245139478	0	0	0	0
1787298796.4960055	15:53:16	3377	2599.25	27.8	8.483045476468973	10.296527896987827	6.514168315125966	2.171713288637765	1.4729132146611719	0	0	0	0	0	False	False	False	0	0	0	3573	11830	30.202874049027894	0	0	0	0
1787298826.5252905	15:53:46	3400	2273.625	27.8	9.4191563122154	10.366936193801878	6.348324672691381	2.1707785226607976	1.4678971364546523	0	0	0	0	0	False	False	False	0	0	0	3562	11830	30.10989010989011	0	0	0	0
1787298856.5531926	15:54:16	3341	1503.125	27.8	8.589719470742322	10.406551747500568	6.326130900429143	2.188788609833376	1.4692094655715033	0	0	0	0	0	False	False	False	0	0	0	3579	11830	30.25359256128487	0	0	0	0
1787298886.5659091	15:54:46	1980	597.5	27.8	0.8514533082228728	2.9827048578061635	6.940828877615403	2.2366908563994805	1.4930807479729657	0	0	0	0	0	False	False	False	0	0	0	3657	11830	30.912933220625526	0	0	0	0
1787298916.5964868	15:55:16	1255	572.625	27.8	0.4506529110453794	2.72887751642331	1.2583391306675737	0.07325918753499468	0.5544447277896819	0	0	0	0	0	False	False	False	0	0	0	3647	11830	30.828402366863905	0	0	0	0
1787298946.6279614	15:55:46	2344	648.0	27.8	0.5003006012024053	2.7022843471434084	1.2255806615775475	0.0821386051647541	0.5519382494273556	0	0	0	0	0	False	False	False	0	0	0	3650	11830	30.853761622992394	0	0	0	0
1787298976.6604676	15:56:16	1358	608.125	27.8	0.47550160562088023	2.61579482003797	1.1549140721741618	0.07683055678257734	0.5530371930370387	0	0	0	0	0	False	False	False	0	0	0	3638	11830	30.75232459847844	0	0	0	0
1787299006.6874475	15:56:46	1697	562.125	27.8	0.5005010020040085	2.632714950911712	1.1533656185667018	0.07534181368891159	0.5519035399324836	0	0	0	0	0	False	False	False	0	0	0	3528	11830	29.82248520710059	0	0	0	0
1787299036.7181947	15:57:16	2177	622.125	27.8	0.500100200400802	2.6422456165487844	1.1479434522215934	0.07617098376727545	0.5528507735680916	0	0	0	0	0	False	False	False	0	0	0	3521	11830	29.763313609467456	0	0	0	0
1787299066.7503967	15:57:46	1438	529.75	27.8	0.5501008004032026	2.6223695788241748	1.183317001328656	0.07442004572790438	0.5520620320415244	0	0	0	0	0	False	False	False	0	0	0	3528	11830	29.82248520710059	0	0	0	0
1787299096.7831156	15:58:16	400	400.0	27.8	0.5002531070365259	2.6470468585537112	1.1470474033722065	0.07412622398897406	0.5530380925547217	0	0	0	0	0	False	False	False	0	0	0	3529	11830	29.830938292476755	0	0	0	0
1787299127.393364	15:58:47	400	399.75	27.8	0.40100442333358965	2.6520285652089295	1.1424556954106049	0.07636777561301815	0.5521328904771265	0	0	0	0	0	False	False	False	0	0	0	3526	11830	29.805579036348266	0	0	0	0
1787299157.4247062	15:59:17	2680	834.0	27.8	0.5005020044176578	2.6898269777519856	1.1537731703068972	0.06971487806167273	0.5526301183037005	0	0	0	0	0	False	False	False	0	0	0	3510	11830	29.67032967032967	0	0	0	0
1787299187.4581394	15:59:47	1891	661.375	27.8	0.5004016040160555	2.594343698753548	1.1540763844723645	0.06932564995681957	0.5527189582206051	0	0	0	0	0	False	False	False	0	0	0	3512	11830	29.687235841081993	0	0	0	0
1787299217.4933646	16:00:17	1288	511.0	27.8	0.5248009992039976	2.586014164921354	1.2577335600779374	0.06853948823246668	0.5543399795301753	0	0	0	0	0	False	False	False	0	0	0	3523	11830	29.78021978021978	0	0	0	0
1787299247.5195231	16:00:47	3218	1357.875	27.8	0.47580280803050934	2.6391161100060474	1.1907185058448646	0.08317878060874283	0.5540442950901268	0	0	0	0	0	False	False	False	0	0	0	3512	11830	29.687235841081993	0	0	0	0
1787299277.55007	16:01:17	415	401.75	27.8	0.45070140280561166	2.6409426886488174	1.1646650722619378	0.07048883334955783	0.554582831194002	0	0	0	0	0	False	False	False	0	0	0	3502	11830	29.602704987320372	0	0	0	0
1787299307.5826054	16:01:47	609	426.125	27.8	0.5500008000032003	2.665572773723767	1.145190396535335	0.07538330251063559	0.5513675139833157	0	0	0	0	0	False	False	False	0	0	0	3531	11830	29.84784446322908	0	0	0	0
1787299337.6161082	16:02:17	1866	583.25	27.8	0.5753010012040052	2.6293946237328694	1.125258714896025	0.07690719087956358	0.5524987730055718	0	0	0	0	0	False	False	False	0	0	0	3535	11830	29.88165680473373	0	0	0	0
1787299367.647453	16:02:47	974	633.125	27.8	0.5008525082293103	2.655547347243585	1.2306291032867465	0.08697768682736272	0.5505172777544212	0	0	0	0	0	False	False	False	0	0	0	3526	11830	29.805579036348266	0	0	0	0
1787299397.678782	16:03:17	1563	545.375	27.8	0.5504008016032069	2.611995293896157	1.239509640232288	0.07794674317741485	0.5540161721204757	0	0	0	0	0	False	False	False	0	0	0	3531	11830	29.84784446322908	0	0	0	0
1787299427.7076805	16:03:47	2425	653.125	27.8	0.5249011996047992	2.646615740103107	1.1444163445502744	0.07830020851331324	0.5523079567078306	0	0	0	0	0	False	False	False	0	0	0	3526	11830	29.805579036348266	0	0	0	0
1787299457.7411015	16:04:17	2001	664.25	27.8	0.4750020024176488	2.645054020840011	1.1386989890348167	0.09005517863125939	0.5513368140559554	0	0	0	0	0	False	False	False	0	0	0	3500	11830	29.585798816568047	0	0	0	0
1787299487.7913349	16:04:47	3399	2118.125	27.8	8.52922605496564	10.118694485514558	4.244351824390403	0.9530592495350574	0.9620132603663826	0	0	0	0	0	False	False	False	0	0	0	3625	11830	30.642434488588332	0	0	0	0
1787299517.823036	16:05:17	3400	2743.625	27.8	8.483093674287279	10.041527428287901	6.165930104964827	2.0581143416095453	1.4633283487627193	0	0	0	0	0	False	False	False	0	0	0	3629	11830	30.676246830092985	0	0	0	0
1787299547.8568614	16:05:47	3400	1566.625	27.8	8.384033723174717	10.154483441068063	6.104240063417394	2.070915085684328	1.4537048945107287	0	0	0	0	0	False	False	False	0	0	0	3617	11830	30.574809805579033	0	0	0	0
1787299577.888839	16:06:17	3400	1752.125	27.8	13.175609564529546	12.910477426705501	6.31361304256059	2.0624128765086622	1.4691390187568956	0	0	0	0	0	False	False	False	0	0	0	3615	11830	30.55790363482671	0	0	0	0
1787299607.9206083	16:06:47	3366	2441.75	27.8	7.488997902787969	10.246691028927941	6.724334971413312	2.2250618561348112	1.4634075154773325	0	0	0	0	0	False	False	False	0	0	0	3569	11830	30.169061707523248	0	0	0	0
1787299637.9434679	16:07:17	3400	1842.75	27.8	7.979071379055831	10.842225381668634	6.685390100014816	2.2684862061099365	1.4619430384318552	0	0	0	0	0	False	False	False	0	0	0	3675	11830	31.06508875739645	0	0	0	0
1787299667.9769216	16:07:47	3385	2917.25	27.8	8.052705966022373	10.47989463268241	7.265543124517053	2.207937248822798	1.5063602841795458	0	0	0	0	0	False	False	False	0	0	0	3722	11830	31.46238377007608	0	0	0	0
1787299698.003704	16:08:18	3400	2215.75	27.8	8.718362056309145	11.041549685608263	6.689614653291724	2.321711689278096	1.4670166824058508	0	0	0	0	0	False	False	False	0	0	0	3772	11830	31.885038038884193	0	0	0	0
1787299728.0406027	16:08:48	3400	2967.875	27.8	11.319072392891128	11.989750973835472	6.467144219705043	2.1807658496233446	1.4731873664135444	0	0	0	0	0	False	False	False	0	0	0	3809	11830	32.1978021978022	0	0	0	0
1787299758.0681567	16:09:18	3400	3288.75	27.8	8.12863550939756	10.507400087221825	6.52966519649379	2.2571171015963523	1.4690910987103138	0	0	0	0	0	False	False	False	0	0	0	3727	11830	31.50464919695689	0	0	0	0
1787299788.1006498	16:09:48	3400	2663.375	27.8	8.336173602979313	11.069677577275597	6.471833764309808	1.9841362844495758	1.4948415869923681	0	0	0	0	0	False	False	False	0	0	0	3729	11830	31.521555367709215	0	0	0	0
1787299818.1280682	16:10:18	3400	1911.125	27.8	10.259490791788723	11.72801072274517	6.435907293997346	2.4457121067257557	1.4558627307168164	0	0	0	0	0	False	False	False	0	0	0	3721	11830	31.453930684699916	0	0	0	0
1787299848.1581054	16:10:48	3300	2738.5	27.8	8.035653376692503	10.685103461835046	6.5186478583464105	2.445749622110797	1.4570138395223464	0	0	0	0	0	False	False	False	0	0	0	3723	11830	31.470836855452237	0	0	0	0
1787299878.186377	16:11:18	3400	2319.375	27.8	8.820879532546085	10.829228781058266	6.5712443664184335	2.450732500064877	1.455077480726547	0	0	0	0	0	False	False	False	0	0	0	3720	11830	31.445477599323752	0	0	0	0
1787299908.2175448	16:11:48	3400	2159.625	27.8	8.125482317151661	10.713112275756762	6.991126081889051	2.4426397459059412	1.4750281536668732	0	0	0	0	0	False	False	False	0	0	0	3671	11830	31.0312764158918	0	0	0	0
1787299938.2447855	16:12:18	3394	2293.875	27.8	14.01230521091649	12.412195829819547	6.8618801561253795	2.4514260799378453	1.469399442649075	0	0	0	0	0	False	False	False	0	0	0	3750	11830	31.69907016060862	0	0	0	0
1787299968.279953	16:12:48	3399	2653.0	27.8	9.345816454738532	10.723537934461447	6.6384452718944	2.1899706090286264	1.4874801502947332	0	0	0	0	0	False	False	False	0	0	0	3738	11830	31.59763313609468	0	0	0	0
1787299998.638859	16:13:18	3400	2297.75	27.8	9.715775848571603	12.386563227945222	8.2173984192822	2.385939187838267	1.5684809350630426	0	0	0	0	0	False	False	False	0	0	0	3778	11830	31.935756551141164	0	0	0	0
1787300030.8968573	16:13:50	3400	2427.25	27.8	10.993478405468831	12.340885218370076	7.044353163654164	2.477149298763616	1.4867485917560996	0	0	0	0	0	False	False	False	0	0	0	3752	11830	31.715976331360945	0	0	0	0
1787300060.9181395	16:14:20	3399	1951.0	27.8	6.618176506177679	9.951132574568446	6.156079151727275	2.011247653197987	1.4669000858653367	0	0	0	0	0	False	False	False	0	0	0	3714	11830	31.39475908706678	0	0	0	0
1787300090.9485664	16:14:50	3399	2511.625	27.8	6.793985325167926	10.112668669708013	6.674800321260412	2.0612024907752935	1.478367277647612	0	0	0	0	0	False	False	False	0	0	0	3758	11830	31.76669484361792	0	0	0	0
1787300120.9808168	16:15:20	3399	2067.875	27.8	7.809797991091028	10.00850648759396	6.672262017278052	2.1502862616268854	1.4674870383882284	0	0	0	0	0	False	False	False	0	0	0	3798	11830	32.104818258664416	0	0	0	0
1787300151.0005486	16:15:51	3400	2972.5	27.8	9.037817395274802	9.551849949542262	6.82264431273401	1.5607212358637508	1.5089850577320176	0	0	0	0	0	False	False	False	0	0	0	3687	11830	31.166525781910398	0	0	0	0
1787300181.1596086	16:16:21	3400	3399.5	27.8	99.4996987987952	24.88895581610309	15.478314029705444	1.1650920885263327	1.517715263099529	0	0	0	0	0	False	False	False	0	0	0	3693	11830	31.217244294167372	0	0	0	0
1787300215.8451872	16:16:55	3400	3074.75	27.8	9.744323516959492	10.231319197956335	6.2492607337397565	1.512394132176724	1.4863243546176153	0	0	0	0	0	False	False	False	0	0	0	3711	11830	31.369399830938292	0	0	0	0
1787300237.1240454	16:17:17	3400	2556.125	27.8	0.0	0	0	0	0	0	0	0	0	0	False	False	False	0	0	0	3713	11830	31.386306001690617	0	0	0	0
1787300245.8711517	16:17:25	3400	2465.375	27.8	9.251155906351341	10.477294534216066	7.195021721164633	1.6030604709452572	1.5405767348798822	0	0	0	0	0	False	False	False	0	0	0	3713	11830	31.386306001690617	0	0	0	0
1787300275.903005	16:17:55	3400	2632.0	27.8	9.037582484077424	9.796373714287732	6.2664730757592455	1.4647780071957877	1.4917138959292697	0	0	0	0	0	False	False	False	0	0	0	3688	11830	31.17497886728656	0	0	0	0
1787300305.9159343	16:18:25	1758	569.75	27.8	3.1570303451440003	3.802657427306485	7.095104988828664	1.021351678333988	1.2204333659653266	0	0	0	0	0	False	False	False	0	0	0	3669	11830	31.014370245139478	0	0	0	0
1787300335.9487944	16:18:55	2116	676.875	27.8	1.5022688106201332	3.341550417029589	1.3123175164703371	0.003789493526168143	0.5259849523864326	0	0	0	0	0	False	False	False	0	0	0	3667	11830	30.99746407438715	0	0	0	0
1787300365.976183	16:19:25	1047	480.75	27.8	1.2535653721800863	3.1592826245221683	1.3185854071617318	0.0032761462697849246	0.5271448145638234	0	0	0	0	0	False	False	False	0	0	0	3669	11830	31.014370245139478	0	0	0	0
1787300396.0084372	16:19:56	725	471.125	27.8	1.2782661758025782	3.09092536373255	1.2687148130640653	0.005196836011733951	0.5262010157441654	0	0	0	0	0	False	False	False	0	0	0	3667	11830	30.99746407438715	0	0	0	0
1787300426.0391757	16:20:26	1719	576.125	27.8	1.3283164868762853	3.2099326033548103	1.3604959353336774	0.004418326514834301	0.5281265074848236	0	0	0	0	0	False	False	False	0	0	0	3512	11830	29.687235841081993	0	0	0	0
1787300456.092375	16:20:56	3399	2194.25	27.8	9.23539944387948	10.542674281988646	4.25594312314083	0.9295490383879014	0.942588929600749	0	0	0	0	0	False	False	False	0	0	0	3690	11830	31.191885038038887	0	0	0	0
1787300486.1220422	16:21:26	3400	1718.375	27.8	9.868295149111336	10.696179967176318	6.0734361408840805	2.180077148182905	1.446934102474902	0	0	0	0	0	False	False	False	0	0	0	3711	11830	31.369399830938292	0	0	0	0
1787300516.14793	16:21:56	3400	2087.0	27.8	8.600106948690257	10.354561427290633	6.27753092283504	2.1051802723954265	1.4538066062360309	0	0	0	0	0	False	False	False	0	0	0	3702	11830	31.293322062552832	0	0	0	0
1787300546.1775312	16:22:26	3308	2509.875	27.8	9.004944753989191	10.63806916301705	8.461991304026393	2.1340073394216743	1.5389925618658826	0	0	0	0	0	False	False	False	0	0	0	3753	11830	31.72442941673711	0	0	0	0
1787300576.2095165	16:22:56	3315	2885.25	27.8	9.058501841244208	10.64507922117079	6.260558743436872	2.167526675929036	1.4575981260599187	0	0	0	0	0	False	False	False	0	0	0	3560	11830	30.092983939137785	0	0	0	0
1787300606.237705	16:23:26	3337	3240.75	27.8	9.027136456977738	10.59517549871935	6.224758076662943	2.1821213523161784	1.45604850604575	0	0	0	0	0	False	False	False	0	0	0	3573	11830	30.202874049027894	0	0	0	0
1787300636.2649665	16:23:56	3278	2864.875	27.8	8.940921293525223	10.668375895168289	6.233098503848018	2.171392825543163	1.4569264174178105	0	0	0	0	0	False	False	False	0	0	0	3547	11830	29.983093829247675	0	0	0	0
1787300666.296619	16:24:26	3400	2476.375	27.8	8.696976547473257	10.607198735689975	7.070654776457504	2.067580499748435	1.4911902877999998	0	0	0	0	0	False	False	False	0	0	0	3631	11830	30.693153000845307	0	0	0	0
1787300696.3251772	16:24:56	3402	2355.875	27.8	9.250659971954166	10.997026859357879	7.035829208841002	2.0771621215938048	1.4972479030466697	0	0	0	0	0	False	False	False	0	0	0	3716	11830	31.411665257819106	0	0	0	0
1787300726.3489835	16:25:26	3379	2206.625	27.8	9.118409482386175	10.66456546863217	6.296250444479435	2.1875848991149534	1.4626841477061256	0	0	0	0	0	False	False	False	0	0	0	3705	11830	31.318681318681318	0	0	0	0
1787300756.3822262	16:25:56	3399	2643.625	27.8	8.718423362742971	10.615899290579627	6.353946307235258	2.067777567498395	1.464338428878975	0	0	0	0	0	False	False	False	0	0	0	3691	11830	31.200338123415044	0	0	0	0
1787300786.4106615	16:26:26	3398	2604.25	27.8	8.929818035515332	10.642204998797713	7.135228612547154	2.106329952987229	1.496434807631558	0	0	0	0	0	False	False	False	0	0	0	3693	11830	31.217244294167372	0	0	0	0
1787300816.4459019	16:26:56	3340	2458.75	27.8	8.651164654664273	10.551217380298898	6.25569570714934	2.0681954860209784	1.4616989480222757	0	0	0	0	0	False	False	False	0	0	0	3675	11830	31.06508875739645	0	0	0	0
1787300846.474131	16:27:26	3400	3268.5	27.8	8.677031319232826	10.620034434979873	6.340658519729126	2.0764848129540856	1.4643658476584054	0	0	0	0	0	False	False	False	0	0	0	3671	11830	31.0312764158918	0	0	0	0
1787300876.5061643	16:27:56	3400	2624.75	27.8	8.686416187829696	10.559500990160467	6.302954141588665	2.069262001798317	1.463697306930108	0	0	0	0	0	False	False	False	0	0	0	3686	11830	31.158072696534234	0	0	0	0
1787300906.5339332	16:28:26	3400	2601.25	27.8	8.810428436606612	10.532881317630961	6.226349943290471	2.0601088932457703	1.4635430180409044	0	0	0	0	0	False	False	False	0	0	0	3569	11830	30.169061707523248	0	0	0	0
1787300936.5606804	16:28:56	3400	3157.5	27.8	8.567562426087086	10.517582899597038	6.229782688549748	2.051540942757827	1.461684189478287	0	0	0	0	0	False	False	False	0	0	0	3578	11830	30.245139475908704	0	0	0	0
1787300966.5887218	16:29:26	3400	3311.875	27.8	8.721325430481244	10.610287101158512	6.210023137225314	2.0691552854046624	1.4618113702618307	0	0	0	0	0	False	False	False	0	0	0	3549	11830	30.0	0	0	0	0
1787300996.617225	16:29:56	3400	2085.0	27.8	9.636717978118984	10.744030588423234	6.359485715382939	2.083466571961367	1.4662004232177293	0	0	0	0	0	False	False	False	0	0	0	3531	11830	29.84784446322908	0	0	0	0
1787301026.6445735	16:30:26	3399	2776.5	27.8	8.594403561380327	10.538695885843923	6.277870969830036	2.079446852557056	1.4653833947414934	0	0	0	0	0	False	False	False	0	0	0	3557	11830	30.0676246830093	0	0	0	0
1787301056.6772194	16:30:56	3400	2430.625	27.8	8.752115920230786	10.598117776720462	6.288064406145058	2.0690187647212945	1.4666615732576338	0	0	0	0	0	False	False	False	0	0	0	3554	11830	30.04226542688081	0	0	0	0
1787301086.7074223	16:31:26	3400	1971.875	27.8	8.68224544346892	10.914802083027649	6.302001676524178	2.084943724563435	1.4586110610116925	0	0	0	0	0	False	False	False	0	0	0	3569	11830	30.169061707523248	0	0	0	0
1787301116.7317476	16:31:56	3400	1784.0	27.8	8.947763977031634	11.154152641069825	7.078928482428503	2.1146533319508767	1.5023416000503405	0	0	0	0	0	False	False	False	0	0	0	3704	11830	31.310228233305153	0	0	0	0
1787301146.7634878	16:32:26	3400	1722.375	27.8	13.992225412178943	12.704056357350629	7.22647471863233	2.155506349886962	1.4985588182499803	0	0	0	0	0	False	False	False	0	0	0	3743	11830	31.63989856297549	0	0	0	0
1787301176.7953467	16:32:56	3400	1883.0	27.8	10.378807993822745	11.106889253781222	6.383201680412892	2.1751816667706634	1.467755726113628	0	0	0	0	0	False	False	False	0	0	0	3704	11830	31.310228233305153	0	0	0	0
1787301206.8164592	16:33:26	3399	2181.25	27.8	9.409974130153167	10.85177580796628	6.4949625143460885	2.1529172819271367	1.4729444722852783	0	0	0	0	0	False	False	False	0	0	0	3699	11830	31.267962806424343	0	0	0	0
1787301236.8424711	16:33:56	3400	2332.375	27.8	9.293887830482522	10.783753616371058	6.387867402401219	2.1512371540102415	1.4719905535777515	0	0	0	0	0	False	False	False	0	0	0	3692	11830	31.208791208791208	0	0	0	0
1787301266.883747	16:34:26	3400	1936.5	27.8	9.540167273820403	10.922350525404699	6.478664026651733	2.1651584820634477	1.467935899463802	0	0	0	0	0	False	False	False	0	0	0	3715	11830	31.40321217244294	0	0	0	0
1787301296.9109054	16:34:56	3400	2029.125	27.8	13.172679261550439	12.371717618669743	6.583929189653633	2.1761569027074064	1.4777578248626817	0	0	0	0	0	False	False	False	0	0	0	3721	11830	31.453930684699916	0	0	0	0
1787301326.9344811	16:35:26	3383	1487.5	27.8	10.294038917673468	10.996269176598533	6.43110149904687	2.1322961099373177	1.4634205126518953	0	0	0	0	0	False	False	False	0	0	0	3730	11830	31.53000845308538	0	0	0	0
1787301339.8873568	16:35:39	3402	3024.75	27.8	0.0	0	0	0	0	0	0	0	0	0	False	False	False	0	0	0	3781	11830	31.961115807269653	0	0	0	0
1787301356.9558647	16:35:56	3401	3060.125	27.8	9.447315635117052	11.052993211817208	7.260995835383683	2.1891629487033417	1.5304504054577377	0	0	0	0	0	False	False	False	0	0	0	3792	11830	32.05409974640744	0	0	0	0
1787301386.990289	16:36:26	3340	2274.75	27.8	9.394221098643445	10.716686275262955	6.362795914180248	2.184444559148156	1.4671087117720614	0	0	0	0	0	False	False	False	0	0	0	3812	11830	32.22316145393068	0	0	0	0
1787301417.0114124	16:36:57	3400	2234.625	27.8	9.273519590677662	9.604965144700541	6.36021386447575	1.0837970718210672	1.4942310309070608	0	0	0	0	0	False	False	False	0	0	0	3604	11830	30.464919695688923	0	0	0	0
1787301447.041809	16:37:27	3400	2304.5	27.8	9.096567290563057	10.68551180467291	6.241131230150576	2.0777554057670393	1.4592347834343118	0	0	0	0	0	False	False	False	0	0	0	3591	11830	30.355029585798814	0	0	0	0
1787301477.070615	16:37:57	3389	2847.75	27.8	8.358716814938512	10.441336825263962	6.107146346098213	2.0243210228569257	1.4572956297674002	0	0	0	0	0	False	False	False	0	0	0	3591	11830	30.355029585798814	0	0	0	0
1787301507.1008098	16:38:27	3400	2692.25	27.8	8.331988760427114	10.408651345477313	6.2765335764810395	2.032712940535116	1.463325685046551	0	0	0	0	0	False	False	False	0	0	0	3538	11830	29.90701606086221	0	0	0	0
1787301537.131525	16:38:57	3399	2129.375	27.8	8.508753921244182	10.539154093495968	6.181621697868316	2.0381661320539144	1.4587187751294117	0	0	0	0	0	False	False	False	0	0	0	3552	11830	30.025359256128485	0	0	0	0
1787301567.6065466	16:39:27	1600	1599.5	27.8	17.664589828433716	5.926207905309725	2.6768222450856607	1.4391561240144697	1.6533222029269852	0	0	0	0	0	False	False	False	0	0	0	3622	11830	30.61707523245985	0	0	0	0
1787301599.4735723	16:39:59	3296	2738.875	27.8	8.857098998310803	10.40729938101014	7.361732346756702	1.865859619212337	1.5168967786038672	0	0	0	0	0	False	False	False	0	0	0	3697	11830	31.25105663567202	0	0	0	0
1787301629.5064003	16:40:29	3400	1686.25	27.8	8.798190673176135	10.451924235730147	6.367682166487466	1.8507028045253122	1.4869323144467708	0	0	0	0	0	False	False	False	0	0	0	3693	11830	31.217244294167372	0	0	0	0
1787301659.5360212	16:40:59	3400	2421.75	27.8	8.73515010018902	10.467100108469639	6.330166335869864	1.8528063161702495	1.4881829414133072	0	0	0	0	0	False	False	False	0	0	0	3687	11830	31.166525781910398	0	0	0	0
1787301689.56227	16:41:29	3444	1563.625	27.8	11.725804952446065	12.059979018896437	7.234793094114493	1.8665592809132758	1.516887322825661	0	0	0	0	0	False	False	False	0	0	0	3756	11830	31.7497886728656	0	0	0	0
1787301719.595925	16:41:59	3400	3270.0	27.8	9.095915262308077	10.849353675281446	7.291155952292716	1.9559056999696067	1.5132937389357073	0	0	0	0	0	False	False	False	0	0	0	3770	11830	31.868131868131865	0	0	0	0
1787301749.6284344	16:42:29	3400	2577.875	27.8	8.956649533977847	10.473761140251018	6.945105383856591	1.9597081894855541	1.497301349606575	0	0	0	0	0	False	False	False	0	0	0	3718	11830	31.428571428571427	0	0	0	0
1787301779.6527233	16:42:59	3400	2612.5	27.8	10.234792619792005	11.20225986932579	6.828089124321962	1.949679472275871	1.4986230133960898	0	0	0	0	0	False	False	False	0	0	0	3701	11830	31.28486897717667	0	0	0	0
1787301809.6856425	16:43:29	3400	2899.75	27.8	8.941477541370134	10.67069802493483	6.967292586780576	1.8580682746661068	1.5093511427121884	0	0	0	0	0	False	False	False	0	0	0	3719	11830	31.43702451394759	0	0	0	0
1787301839.714195	16:43:59	3400	2320.625	27.8	9.53625584298791	10.465805445940331	6.2420557620424715	1.8610745200037258	1.4795825214252003	0	0	0	0	0	False	False	False	0	0	0	3720	11830	31.445477599323752	0	0	0	0
1787301869.7408922	16:44:29	3400	2319.125	27.8	10.32276582636863	11.106373375218453	6.201806518251967	1.8686161479177525	1.4804095406018056	0	0	0	0	0	False	False	False	0	0	0	3744	11830	31.648351648351646	0	0	0	0
1787301899.7693622	16:44:59	3400	3024.375	27.8	9.309741263846846	10.554631487503801	6.985343982542278	1.8938174531402368	1.501424361320463	0	0	0	0	0	False	False	False	0	0	0	3722	11830	31.46238377007608	0	0	0	0
1787301929.795424	16:45:29	3399	1895.625	27.8	10.08217460474318	10.563468477570595	6.480324669670332	1.8562022834310958	1.4801927715854457	0	0	0	0	0	False	False	False	0	0	0	3712	11830	31.377852916314453	0	0	0	0
1787301959.8262522	16:45:59	3400	1579.875	27.8	9.149077361026814	10.485706513057542	6.377064940126285	1.8330016245378724	1.4752615146015338	0	0	0	0	0	False	False	False	0	0	0	3702	11830	31.293322062552832	0	0	0	0
1787301989.8565154	16:46:29	3411	2089.625	27.8	9.254159253823625	10.442126322597735	6.443651891812194	1.877204606907975	1.474137135014857	0	0	0	0	0	False	False	False	0	0	0	3574	11830	30.21132713440406	0	0	0	0
1787302019.8876004	16:46:59	3400	2661.5	27.8	13.791139247124311	13.294200322140933	6.339388562356082	1.8644550315925033	1.470698290741399	0	0	0	0	0	False	False	False	0	0	0	3727	11830	31.50464919695689	0	0	0	0
1787302049.914119	16:47:29	3414	1982.25	27.8	8.283203793771817	10.098520526228903	6.808475372992207	1.813464696177944	1.4910225462865816	0	0	0	0	0	False	False	False	0	0	0	3766	11830	31.83431952662722	0	0	0	0
1787302079.9396634	16:47:59	3400	2566.125	27.8	8.288654494686769	10.166162012294127	6.161024783736138	1.7761981505290003	1.4686941762079055	0	0	0	0	0	False	False	False	0	0	0	3693	11830	31.217244294167372	0	0	0	0
1787302109.9754274	16:48:29	3403	2545.5	27.8	9.975011690410247	10.69330723089219	7.4385839817762545	1.9218864759719858	1.5077399883888019	0	0	0	0	0	False	False	False	0	0	0	3729	11830	31.521555367709215	0	0	0	0
1787302140.0025861	16:49:00	3400	2183.5	27.8	10.39300640667266	11.302504931307636	6.410278290135992	1.9404366198822622	1.47118422807132	0	0	0	0	0	False	False	False	0	0	0	3698	11830	31.259509721048182	0	0	0	0
1787302170.0143547	16:49:30	2703	990.125	27.8	10.514728285255401	9.715150166752252	7.865917738145599	2.198206392071982	1.5136877827688113	0	0	0	0	0	False	False	False	0	0	0	3776	11830	31.91885038038884	0	0	0	0
1787302200.0477345	16:50:00	1558	544.75	27.8	1.1275595367441715	3.1730860541235666	1.2696432030217553	0.07259646828017735	0.5553314064968878	0	0	0	0	0	False	False	False	0	0	0	3756	11830	31.7497886728656	0	0	0	0
1787302230.079173	16:50:30	557	419.625	27.8	1.0750010000040013	3.032709493144036	1.191553231929799	0.06262068475336154	0.5522343215724466	0	0	0	0	0	False	False	False	0	0	0	3727	11830	31.50464919695689	0	0	0	0
1787302260.1079004	16:51:00	2116	784.125	27.8	1.1514553239226761	3.129988149816312	1.1442766535379119	0.05824614413826062	0.551634244040935	0	0	0	0	0	False	False	False	0	0	0	3723	11830	31.470836855452237	0	0	0	0
1787302290.140044	16:51:30	2026	603.125	27.8	1.2258678123422184	3.121702866916254	1.168369876903303	0.06617388980059681	0.5523925234753538	0	0	0	0	0	False	False	False	0	0	0	3541	11830	29.9323753169907	0	0	0	0
1787302320.171354	16:52:00	3399	1489.0	27.8	1.1285777078592185	3.0947189174560243	1.1927057172578122	0.07048399712570659	0.5480175895752722	0	0	0	0	0	False	False	False	0	0	0	3552	11830	30.025359256128485	0	0	0	0
1787302350.202666	16:52:30	427	406.0	27.8	1.2005038116538025	3.084151881734963	1.1589211476256036	0.07417054804370161	0.5517619617568705	0	0	0	0	0	False	False	False	0	0	0	3548	11830	29.99154691462384	0	0	0	0
1787302380.2401943	16:53:00	1093	486.5	27.8	2.0311946088823016	3.9762281669619908	4.704847038343882	0.23818033346538964	0.6991570543931059	0	0	0	0	0	False	False	False	0	0	0	3571	11830	30.185967878275573	0	0	0	0
1787302410.308672	16:53:30	3399	2481.625	27.8	8.892992519699359	10.386033374703755	6.280300923859617	1.9094662562954539	1.4561547091258298	0	0	0	0	0	False	False	False	0	0	0	3682	11830	31.124260355029588	0	0	0	0
1787302440.3162267	16:54:00	3400	1458.0	27.8	14.966341315403994	13.912034826163426	6.370236664608509	1.8969953712911616	1.462506992911799	0	0	0	0	0	False	False	False	0	0	0	3688	11830	31.17497886728656	0	0	0	0
1787302470.3467462	16:54:30	3400	2391.0	27.8	9.237174402305302	10.416007477651945	6.585660033944988	1.9088689548569495	1.4740352697778036	0	0	0	0	0	False	False	False	0	0	0	3724	11830	31.4792899408284	0	0	0	0
1787302500.3774853	16:55:00	3400	2935.625	27.8	9.529708594436006	11.140624918478176	6.253450324740381	1.8206536457148534	1.4699988176933463	0	0	0	0	0	False	False	False	0	0	0	3713	11830	31.386306001690617	0	0	0	0
1787302528.10833	16:55:28	2988	1484.625	27.8	0.0	0	0	0	0	0	0	0	0	0	False	False	False	0	0	0	3708	11830	31.344040574809807	0	0	0	0
1787302558.8414824	16:55:58	1957	703.75	27.8	4.864236423642366	5.933103367176713	3.4678277671576105	0.4260418221498697	0.6674111907872339	0	0	0	0	0	False	False	False	0	0	0	3735	11830	31.57227387996619	0	0	0	0
1787302562.0842981	16:56:02	2180	753.375	27.8	0.0	0	0	0	0	0	0	0	0	0	False	False	False	0	0	0	3743	11830	31.63989856297549	0	0	0	0
1787302593.1829839	16:56:33	3409	2944.875	27.8	8.717303297209138	10.647513961492367	6.500769176138189	1.452054090623451	1.274480281996277	0	0	0	0	0	False	False	False	0	0	0	3722	11830	31.46238377007608	0	0	0	0
1787302623.2075455	16:57:03	3400	3024.625	27.8	9.142254208443772	10.827873855722322	7.10284398534353	2.023441093889143	1.504024772107675	0	0	0	0	0	False	False	False	0	0	0	3746	11830	31.66525781910397	0	0	0	0
1787302653.2314215	16:57:33	3400	1849.875	27.8	7.664823090045155	10.109815656789019	6.543992411894375	2.0722097219691644	1.4712780573369235	0	0	0	0	0	False	False	False	0	0	0	3722	11830	31.46238377007608	0	0	0	0
1787302683.2642858	16:58:03	3400	2960.875	27.8	7.443534894611672	9.96425873557464	6.891095685483302	2.0924028671412085	1.4893294691613537	0	0	0	0	0	False	False	False	0	0	0	3738	11830	31.59763313609468	0	0	0	0
1787302713.293848	16:58:33	3400	2372.875	27.8	7.211341783175149	9.897707793394904	9.086208072423297	2.1040543557041187	1.5732236086927807	0	0	0	0	0	False	False	False	0	0	0	3768	11830	31.851225697379544	0	0	0	0
1787302743.3221414	16:59:03	3400	2834.625	27.8	7.227564710775078	9.948190921666386	6.5679381757836035	2.041701896466758	1.4651754641477936	0	0	0	0	0	False	False	False	0	0	0	3749	11830	31.690617075232456	0	0	0	0
1787302773.3463564	16:59:33	3399	2994.0	27.8	7.792709762001884	10.44430117929759	7.071292855703044	2.1931973192926337	1.4742770318901661	0	0	0	0	0	False	False	False	0	0	0	3727	11830	31.50464919695689	0	0	0	0
1787302803.3768597	17:00:03	3400	3170.375	27.8	14.473277832785282	13.732153359079803	6.275720286037483	2.2933980108089216	1.4429822468310356	0	0	0	0	0	False	False	False	0	0	0	3748	11830	31.6821639898563	0	0	0	0
1787302833.4146795	17:00:33	3399	1745.375	27.8	10.530653753316079	11.598097058316636	6.560193834198779	2.1439980658117714	1.4654937089406024	0	0	0	0	0	False	False	False	0	0	0	3762	11830	31.800507185122566	0	0	0	0
1787302863.4408224	17:01:03	3400	2738.5	27.8	8.270337110311829	10.54931927169421	6.5029774725622955	2.061301494753215	1.4573257384610978	0	0	0	0	0	False	False	False	0	0	0	3724	11830	31.4792899408284	0	0	0	0
1787302893.4685764	17:01:33	3400	3024.75	27.8	7.4364296091394655	10.016492511424232	6.15378028534339	2.0277615856885567	1.4462091486198836	0	0	0	0	0	False	False	False	0	0	0	3719	11830	31.43702451394759	0	0	0	0
1787302923.4960923	17:02:03	3400	2429.75	27.8	7.786927196300709	10.569925405774638	6.166219456697053	2.013043760646817	1.4468394144722063	0	0	0	0	0	False	False	False	0	0	0	3690	11830	31.191885038038887	0	0	0	0
1787302953.5237231	17:02:33	3400	2209.25	27.8	6.783934527958513	9.792960994264066	5.994464303097651	1.9430256692790897	1.4747062851286155	0	0	0	0	0	False	False	False	0	0	0	3697	11830	31.25105663567202	0	0	0	0
1787302983.5506036	17:03:03	3400	2596.375	27.8	6.715143701140377	10.136482475218411	6.101975511691917	2.074731644899704	1.4688850153277315	0	0	0	0	0	False	False	False	0	0	0	3706	11830	31.32713440405748	0	0	0	0
1787303013.579106	17:03:33	3400	2649.375	27.8	6.769967471660265	9.854670365440219	6.396352932912922	2.0609934803672876	1.4680640452029614	0	0	0	0	0	False	False	False	0	0	0	3730	11830	31.53000845308538	0	0	0	0
1787303043.6113756	17:04:03	3400	3143.125	27.8	13.321280007515202	13.043455033918365	8.281428396525781	2.3007518165303864	1.5142308364852994	0	0	0	0	0	False	False	False	0	0	0	3740	11830	31.614539306847	0	0	0	0
1787303073.6419291	17:04:33	3400	2512.5	27.8	8.083292196836126	10.226912249482066	6.412526363508203	2.161962294145367	1.4542226815425732	0	0	0	0	0	False	False	False	0	0	0	3758	11830	31.76669484361792	0	0	0	0
1787303103.6708539	17:05:03	3400	3006.75	27.8	7.559624917817977	10.034736260457832	6.889303077430352	2.057842040227694	1.470351582429652	0	0	0	0	0	False	False	False	0	0	0	3743	11830	31.63989856297549	0	0	0	0
1787303133.6985297	17:05:33	3400	1785.375	27.8	8.110049693159457	10.402854301522048	7.527676632290848	2.0316994861942828	1.5072326241816565	0	0	0	0	0	False	False	False	0	0	0	3742	11830	31.631445477599325	0	0	0	0
1787303163.7233706	17:06:03	3400	2426.75	27.8	8.254714280795799	10.752700339758704	6.320323224995189	2.0321031773443834	1.4527610102275652	0	0	0	0	0	False	False	False	0	0	0	3724	11830	31.4792899408284	0	0	0	0
1787303193.752427	17:06:33	3400	2443.75	27.8	7.357998983244202	10.53095362296708	6.344438744623923	2.368887720904921	1.4466890847934823	0	0	0	0	0	False	False	False	0	0	0	3729	11830	31.521555367709215	0	0	0	0
1787303223.7819338	17:07:03	3400	1663.125	27.8	9.31889727496626	10.267618080537476	6.699385136010039	1.9508833327631465	1.4854355492920233	0	0	0	0	0	False	False	False	0	0	0	3724	11830	31.4792899408284	0	0	0	0
1787303253.8118732	17:07:33	3399	1826.375	27.8	8.680038255782822	10.118128907894322	6.339562477490434	1.9275212904484593	1.472771314548623	0	0	0	0	0	False	False	False	0	0	0	3717	11830	31.420118343195263	0	0	0	0
1787303283.8452618	17:08:03	3400	3068.25	27.8	8.562615870157849	10.040841086976611	6.301827377845376	1.9352280396215125	1.473306340115433	0	0	0	0	0	False	False	False	0	0	0	3709	11830	31.35249366018597	0	0	0	0
1787303313.8760626	17:08:33	3400	2639.75	27.8	8.496690601905357	10.151758956048985	5.93288836756911	1.9785107093037395	1.4423243769370477	0	0	0	0	0	False	False	False	0	0	0	3584	11830	30.295857988165682	0	0	0	0
1787303343.9030411	17:09:03	3443	1920.75	27.8	8.56080926957955	10.115819446984746	6.333463054221375	1.9009152635655437	1.4727360154821856	0	0	0	0	0	False	False	False	0	0	0	3578	11830	30.245139475908704	0	0	0	0
1787303373.9288259	17:09:33	3374	2217.125	27.8	8.394367492732478	9.966858361711838	6.277804214595485	1.9270003874968786	1.4696121869269096	0	0	0	0	0	False	False	False	0	0	0	3575	11830	30.21978021978022	0	0	0	0
1787303403.955261	17:10:03	3400	2154.625	27.8	7.966649193588192	9.86564863902361	6.359364141531982	1.8701363769520984	1.471031455287735	0	0	0	0	0	False	False	False	0	0	0	3575	11830	30.21978021978022	0	0	0	0
1787303433.981372	17:10:33	3400	2425.375	27.8	8.082891997035016	10.00128570415528	6.902196141680871	1.8802633918787093	1.4999139537805832	0	0	0	0	0	False	False	False	0	0	0	3710	11830	31.360946745562128	0	0	0	0
1787303457.362461	17:10:57	3400	2758.25	27.8	0.0	0	0	0	0	0	0	0	0	0	False	False	False	0	0	0	3781	11830	31.961115807269653	0	0	0	0
1787303464.0361013	17:11:04	3400	2985.125	27.8	11.237106918040993	11.460168707405229	6.811712236742709	1.8792924280739045	1.5031844163204986	0	0	0	0	0	False	False	False	0	0	0	3783	11830	31.978021978021975	0	0	0	0
1787303494.039408	17:11:34	3400	2247.625	27.8	8.98754905745106	10.088602690800947	6.257346000155716	1.8190504314068499	1.476119783011666	0	0	0	0	0	False	False	False	0	0	0	3804	11830	32.15553677092139	0	0	0	0
1787303524.0691187	17:12:04	3400	2131.625	27.8	8.625769931480669	10.071214541137016	7.173484295773646	1.9160245683315127	1.5040621311558668	0	0	0	0	0	False	False	False	0	0	0	3820	11830	32.29078613693998	0	0	0	0
1787303554.099584	17:12:34	3400	2459.5	27.8	9.153146599365568	10.516338735024656	6.869643651362226	1.9232534233269436	1.4919109245156	0	0	0	0	0	False	False	False	0	0	0	3769	11830	31.859678782755708	0	0	0	0
1787303584.1273723	17:13:04	3391	3255.875	27.8	8.403110904689898	10.211832350097588	6.258216780399618	1.8650064226417156	1.4840608393943566	0	0	0	0	0	False	False	False	0	0	0	3795	11830	32.07945900253593	0	0	0	0
1787303610.9362442	17:13:30	3400	2608.0	27.8	0.0	0	0	0	0	0	0	0	0	0	False	False	False	0	0	0	3850	11830	32.544378698224854	0	0	0	0
1787303614.151386	17:13:34	3400	2433.625	27.8	10.920853641965895	11.336573760805173	6.278119524881377	1.8414892033994648	1.4787670132559887	0	0	0	0	0	False	False	False	0	0	0	3847	11830	32.519019442096365	0	0	0	0
1787303644.179016	17:14:04	3399	2755.125	27.8	7.905888483102483	9.82264210965051	6.301410946103948	1.8332232495470908	1.4794567504427372	0	0	0	0	0	False	False	False	0	0	0	3788	11830	32.02028740490279	0	0	0	0
1787303674.225125	17:14:34	3400	3399.5	27.8	14.798270603431309	14.072226209165155	6.18075112498405	1.8475595445466182	1.4780996734682206	0	0	0	0	0	False	False	False	0	0	0	3863	11830	32.65426880811496	0	0	0	0
1787303709.4064143	17:15:09	2221	627.5	27.8	0.6011539142542127	2.691251846013665	1.274321964294571	0.0668387796831655	0.5538056331646357	0	0	0	0	0	False	False	False	0	0	0	3790	11830	32.03719357565512	0	0	0	0
1787303739.4394941	17:15:39	2096	612.0	27.8	0.5502505010020045	2.6654866721701183	1.1465893983462472	0.06658234026420606	0.5511533874397097	0	0	0	0	0	False	False	False	0	0	0	3768	11830	31.851225697379544	0	0	0	0
1787303769.4733691	17:16:09	635	429.375	27.8	0.7249504998020004	2.6572674533633083	1.1057205428079409	0.06739253346408156	0.5530573622037017	0	0	0	0	0	False	False	False	0	0	0	3764	11830	31.817413355874898	0	0	0	0
1787303799.5011108	17:16:39	775	446.75	27.8	0.501104414056211	2.5468594653559324	1.062253243517476	0.06677795965684652	0.5521070692957416	0	0	0	0	0	False	False	False	0	0	0	3595	11830	30.388841927303467	0	0	0	0
1787303829.5528421	17:17:09	3400	1453.625	27.8	2.0846903255273594	4.465539608533059	1.5783213307779254	0.1915067559647115	0.6053543377479091	0	0	0	0	0	False	False	False	0	0	0	3614	11830	30.54945054945055	0	0	0	0
1787303859.611178	17:17:39	3400	1930.375	27.8	7.117815803025803	9.89137783039896	5.5448788403115294	1.3091463043305684	1.1656942933391101	0	0	0	0	0	False	False	False	0	0	0	3783	11830	31.978021978021975	0	0	0	0
1787303889.6457186	17:18:09	3401	2972.5	27.8	8.191231293088931	9.98139581202631	5.958796671797067	2.0029918440398924	1.4347018663609765	0	0	0	0	0	False	False	False	0	0	0	3779	11830	31.94420963651733	0	0	0	0
1787303919.6719985	17:18:39	3399	2253.5	27.8	14.558659059802071	13.112615205609439	9.046280392630223	1.839721451191877	1.57450469818748	0	0	0	0	0	False	False	False	0	0	0	3843	11830	32.485207100591715	0	0	0	0
1787303954.4719217	17:19:14	400	399.75	27.8	1.0261119014173037	3.1113760827260384	1.2093737876682442	0.054414800491439264	0.5560542779839558	0	0	0	0	0	False	False	False	0	0	0	3831	11830	32.38377007607777	0	0	0	0
1787303984.5038629	17:19:44	2013	601.625	27.8	1.0519116414683907	3.0849023003201617	1.1759857900357316	0.07038452368139225	0.5529997563771177	0	0	0	0	0	False	False	False	0	0	0	3802	11830	32.13863060016906	0	0	0	0
1787304014.538442	17:20:14	663	432.625	27.8	1.0750615064433116	2.97817652073532	1.1141855350633136	0.07604542058694266	0.5465198642846468	0	0	0	0	0	False	False	False	0	0	0	3806	11830	32.172442941673715	0	0	0	0
1787304044.5687854	17:20:44	1883	585.25	27.8	1.025304810857798	2.9564670595365063	1.0887560406823877	0.07905690778062129	0.5514871566415063	0	0	0	0	0	False	False	False	0	0	0	3606	11830	30.481825866441252	0	0	0	0
1787304074.6017973	17:21:14	3400	1669.375	27.8	2.1562273237820504	4.040504110738646	1.480245155560735	0.14460608412385234	0.5997640764858314	0	0	0	0	0	False	False	False	0	0	0	3650	11830	30.853761622992394	0	0	0	0
1787304106.0504973	17:21:46	3400	2372.75	27.8	8.275203174331597	10.241964955616695	5.791202779093344	1.9853766033065898	1.3902586212602537	0	0	0	0	0	False	False	False	0	0	0	3720	11830	31.445477599323752	0	0	0	0
1787304136.0808456	17:22:16	3400	2642.375	27.8	7.742712069414255	10.07313273899407	5.8915997391668355	1.9891639059074036	1.4261818544318177	0	0	0	0	0	False	False	False	0	0	0	3698	11830	31.259509721048182	0	0	0	0
1787304166.1030934	17:22:46	3400	2576.0	27.8	8.257138405777198	10.190020902718434	5.789307123628955	2.0169470175611837	1.425405561702147	0	0	0	0	0	False	False	False	0	0	0	3712	11830	31.377852916314453	0	0	0	0
1787304196.131585	17:23:16	3405	3025.375	27.8	8.659811119992353	10.104173445135107	6.384671507645095	1.9907548426970403	1.4468162606050352	0	0	0	0	0	False	False	False	0	0	0	3597	11830	30.405748098055792	0	0	0	0
1787304226.1643953	17:23:46	3400	2673.75	27.8	9.805243185000586	10.523318581921625	7.214928497302444	1.8994292289125947	1.4943444362928904	0	0	0	0	0	False	False	False	0	0	0	3720	11830	31.445477599323752	0	0	0	0
1787304256.1929207	17:24:16	3400	1608.5	27.8	8.953434519608644	10.252175152657633	6.94968462099791	1.8426887110787444	1.4864335974775935	0	0	0	0	0	False	False	False	0	0	0	3752	11830	31.715976331360945	0	0	0	0
1787304286.2061148	17:24:46	2867	934.125	27.8	1.328613250597581	3.3131902134499396	7.596091134346699	1.8049869288975762	1.4603796553799875	0	0	0	0	0	False	False	False	0	0	0	3772	11830	31.885038038884193	0	0	0	0
1787304316.236198	17:25:16	1998	599.75	27.8	1.0016078329664473	3.039071134814557	1.1778242914672108	0.06593349367887771	0.5530450196808825	0	0	0	0	0	False	False	False	0	0	0	3747	11830	31.673710904480135	0	0	0	0
1787304346.2624028	17:25:46	400	399.875	27.8	0.9772128837932395	3.0929803223402375	1.52767419357062	0.07868085727494216	0.5583185251709724	0	0	0	0	0	False	False	False	0	0	0	3741	11830	31.62299239222316	0	0	0	0
1787304376.2956579	17:26:16	400	400.0	27.8	0.876605623309358	3.060463290919089	1.2534112133541035	0.0689053279024069	0.5533110609714127	0	0	0	0	0	False	False	False	0	0	0	3746	11830	31.66525781910397	0	0	0	0
1787304406.3281796	17:26:46	2203	625.375	27.8	1.1272074269019967	3.2693728476965576	1.3646266442157775	0.06508561261882746	0.5542659029401324	0	0	0	0	0	False	False	False	0	0	0	3599	11830	30.422654268808113	0	0	0	0
1787304436.3791225	17:27:16	3394	2290.75	27.8	8.071668828556776	10.585692124075777	4.96382585774961	1.1899240978233352	1.0385968160290693	0	0	0	0	0	False	False	False	0	0	0	3714	11830	31.39475908706678	0	0	0	0
1787304466.4085932	17:27:46	3400	2305.375	27.8	7.551678891149104	10.5039876292019	6.04436834879284	2.3267061464497605	1.4304270534267884	0	0	0	0	0	False	False	False	0	0	0	3711	11830	31.369399830938292	0	0	0	0
1787304496.4387171	17:28:16	3401	2378.875	27.8	7.116236882747602	11.599501864087145	6.076927528088742	3.336558970570907	1.4056360035072328	0	0	0	0	0	False	False	False	0	0	0	3722	11830	31.46238377007608	0	0	0	0
1787304526.4667933	17:28:46	3399	1748.75	27.8	7.044959968347064	11.587077553825177	6.0574483283390945	3.2662813589221718	1.4067875561134668	0	0	0	0	0	False	False	False	0	0	0	3704	11830	31.310228233305153	0	0	0	0
1787304556.4945955	17:29:16	3399	2069.25	27.8	7.9827609652681	11.819494085623852	6.1471310065140825	3.191475322184537	1.4085360278589827	0	0	0	0	0	False	False	False	0	0	0	3710	11830	31.360946745562128	0	0	0	0
1787304586.5226288	17:29:46	3400	2628.5	27.8	7.103547374813574	10.419761515221184	6.443910305081915	2.3841465004734443	1.4499740588158778	0	0	0	0	0	False	False	False	0	0	0	3699	11830	31.267962806424343	0	0	0	0
1787304616.5487492	17:30:16	3389	1728.0	27.8	7.137493342204514	10.296924318898293	5.8155771987568	2.3796522933609863	1.4170439535063848	0	0	0	0	0	False	False	False	0	0	0	3688	11830	31.17497886728656	0	0	0	0
1787304646.5723825	17:30:46	3399	2279.875	27.8	7.280758764745478	10.420160576921948	5.945142477423506	2.356279102670385	1.4216018361594496	0	0	0	0	0	False	False	False	0	0	0	3564	11830	30.126796280642438	0	0	0	0
1787304676.5996418	17:31:16	3400	2169.0	27.8	7.4253016081446646	10.395868762093919	5.831983101594732	2.3584676235134827	1.4144685919871969	0	0	0	0	0	False	False	False	0	0	0	3557	11830	30.0676246830093	0	0	0	0
1787304706.6389487	17:31:46	3400	2183.0	27.8	6.98439707091241	11.681814513126321	6.246005601107322	3.4066963341068357	1.4004065513084654	0	0	0	0	0	False	False	False	0	0	0	3592	11830	30.363482671174978	0	0	0	0
1787304736.6563344	17:32:16	3369	2141.625	27.8	7.282647864240133	11.169830577417489	6.636889159622366	2.261217811782943	1.4418352905743985	0	0	0	0	0	False	False	False	0	0	0	3574	11830	30.21132713440406	0	0	0	0
1787304766.6858273	17:32:46	3400	2881.25	27.8	7.828825728836093	11.293355436884045	5.993821313672181	2.9072441465313053	1.4004047443073877	0	0	0	0	0	False	False	False	0	0	0	3541	11830	29.9323753169907	0	0	0	0
1787304796.712034	17:33:16	3399	2867.25	27.8	7.872921385866416	10.97578650634283	6.047998168765641	2.553367666819751	1.416265152761349	0	0	0	0	0	False	False	False	0	0	0	3554	11830	30.04226542688081	0	0	0	0
1787304826.738555	17:33:46	3399	1446.125	27.8	6.981184023311705	10.829555736438195	6.739045304289217	2.7177254178186634	1.434277146605284	0	0	0	0	0	False	False	False	0	0	0	3674	11830	31.05663567202029	0	0	0	0
1787304856.76868	17:34:16	3400	3006.375	27.8	6.787155446190197	11.14142149697048	6.061482833385113	2.803668338062097	1.4128988894251013	0	0	0	0	0	False	False	False	0	0	0	3689	11830	31.183431952662723	0	0	0	0
1787304886.7994258	17:34:46	3400	2842.625	27.8	6.846820790863278	11.253134915937201	6.063358276983785	2.5955176827744357	1.4220488477309556	0	0	0	0	0	False	False	False	0	0	0	3695	11830	31.234150464919697	0	0	0	0
1787304916.8333	17:35:16	3399	2194.625	27.8	7.344656006190709	10.525596147279701	6.148741194101238	2.3485194473705073	1.429524553636899	0	0	0	0	0	False	False	False	0	0	0	3715	11830	31.40321217244294	0	0	0	0
1787304946.8631322	17:35:46	3400	3104.5	27.8	7.179693400290951	10.540259738111262	5.927622318222192	2.372165732640726	1.4203221486976547	0	0	0	0	0	False	False	False	0	0	0	3552	11830	30.025359256128485	0	0	0	0
1787304976.8926878	17:36:16	3448	2074.0	27.8	8.968734869707976	11.384887537430238	6.276058778703568	2.3601248241110198	1.4382169854030171	0	0	0	0	0	False	False	False	0	0	0	3588	11830	30.32967032967033	0	0	0	0
1787305006.9221623	17:36:46	3400	1923.375	27.8	7.215347776982981	10.481979439004267	5.966487490261546	2.374970532803003	1.423438158736756	0	0	0	0	0	False	False	False	0	0	0	3574	11830	30.21132713440406	0	0	0	0
1787305036.9343026	17:37:16	1560	544.875	27.8	0.8750507002028021	2.9071435289496494	1.2439488443231268	0.005841738008092564	0.5261322069921598	0	0	0	0	0	False	False	False	0	0	0	3728	11830	31.51310228233305	0	0	0	0
1787305066.9653392	17:37:46	980	472.5	27.8	0.8010030088410101	2.833854590695003	1.4687317445290378	0.09237291490546946	0.568696206190785	0	0	0	0	0	False	False	False	0	0	0	3711	11830	31.369399830938292	0	0	0	0
1787305096.9976263	17:38:16	400	399.875	27.8	0.8993044008320614	2.867206039248801	1.0705787351534923	0.006304742964077692	0.5246351871297811	0	0	0	0	0	False	False	False	0	0	0	3718	11830	31.428571428571427	0	0	0	0
1787305127.030236	17:38:47	1505	538.125	27.8	0.8504016040160558	2.838662878687033	1.2195483141845473	0.005841052146576263	0.52799303369639	0	0	0	0	0	False	False	False	0	0	0	3572	11830	30.19442096365173	0	0	0	0
1787305157.0629992	17:39:17	1252	523.0	27.8	0.9004513042148568	2.9014631976564105	1.1120983607809634	0.007373699829915084	0.5247497832868903	0	0	0	0	0	False	False	False	0	0	0	3575	11830	30.21978021978022	0	0	0	0
1787305187.111542	17:39:47	3400	2766.25	27.8	3.4374300452033295	5.790466471872234	1.1580036336258943	0.005594560679811081	0.5260036638200718	0	0	0	0	0	False	False	False	0	0	0	3577	11830	30.236686390532547	0	0	0	0
1787305217.1405218	17:40:17	3400	2644.375	27.8	7.451752230352107	10.464411017895811	6.029227067738795	2.318685424992388	1.4265448867664061	0	0	0	0	0	False	False	False	0	0	0	3816	11830	32.256973795435336	0	0	0	0
1787305247.1728194	17:40:47	3400	2894.875	27.8	7.1791494393142194	11.579920153201096	6.364600665179603	2.5118092718351663	1.4276552387368446	0	0	0	0	0	False	False	False	0	0	0	3799	11830	32.11327134404057	0	0	0	0
1787305277.2006083	17:41:17	3372	2289.75	27.8	7.1440845527525765	11.61702717788363	6.411760243662225	3.314602675677657	1.4173178701166316	0	0	0	0	0	False	False	False	0	0	0	3805	11830	32.16398985629755	0	0	0	0
1787305307.226419	17:41:47	3400	3221.75	27.8	7.309892368749942	11.29375706451156	6.285329181937622	3.1718511691126525	1.4262013637705582	0	0	0	0	0	False	False	False	0	0	0	3801	11830	32.130177514792905	0	0	0	0
1787305337.2735553	17:42:17	3386	3310.0	27.8	20.731880946842754	17.771793378840837	7.136109981877439	2.865150350799479	1.4705717003763752	0	0	0	0	0	False	False	False	0	0	0	3721	11830	31.453930684699916	0	0	0	0
1787305367.5815136	17:42:47	800	799.75	27.8	25.063299778210535	4.195586043693872	1.3881795272019324	1.9270619559414677	1.5249105811085222	0	0	0	0	0	False	False	False	0	0	0	3733	11830	31.55536770921386	0	0	0	0
1787305397.6287532	17:43:17	800	799.5	27.8	38.89499972655093	4.818526223016474	1.2394215787806107	1.1838206415834154	1.5545100233924616	0	0	0	0	0	False	False	False	0	0	0	3757	11830	31.758241758241756	0	0	0	0
1787305432.6402652	17:43:52	800	749.875	27.8	37.842997468080014	4.618115134304586	1.1719403486295406	1.1153722522371625	1.5695357023287249	0	0	0	0	0	False	False	False	0	0	0	3769	11830	31.859678782755708	0	0	0	0
1787305462.6644766	17:44:22	800	799.5	27.8	22.740281556474436	4.155888587638538	1.1408663309492968	1.0591547653197801	1.5556356352891445	0	0	0	0	0	False	False	False	0	0	0	3718	11830	31.428571428571427	0	0	0	0
1787305492.69842	17:44:52	800	799.5	27.8	23.56186205169764	5.434398768942466	1.5193377410618698	2.1302187197901046	1.5519462839956595	0	0	0	0	0	False	False	False	0	0	0	3735	11830	31.57227387996619	0	0	0	0
1787305522.7408123	17:45:22	800	799.625	27.8	23.644446770563963	5.650177435142658	1.5191373594334925	1.9448714888873588	1.566500304721656	0	0	0	0	0	False	False	False	0	0	0	3736	11830	31.580726965342347	0	0	0	0
1787305552.7442791	17:45:52	800	799.75	27.8	24.207848981624597	4.52781925706511	1.5367989950565628	1.9924799068807029	1.5609359960057219	0	0	0	0	0	False	False	False	0	0	0	3754	11830	31.73288250211327	0	0	0	0
1787305582.7773259	17:46:22	800	799.625	27.8	24.043649577199037	5.836747486217516	1.3691970497343027	1.7865362449257651	1.5497301101254624	0	0	0	0	0	False	False	False	0	0	0	3749	11830	31.690617075232456	0	0	0	0
1787305612.7960687	17:46:52	800	746.25	27.8	24.020255763436438	5.8966426157909595	1.5227710982627702	2.116870408528549	1.5431328716766244	0	0	0	0	0	False	False	False	0	0	0	3750	11830	31.69907016060862	0	0	0	0
1787305642.915836	17:47:22	800	799.375	27.8	25.63085560379659	5.613391742201859	1.4279398429627548	2.0118214399163628	1.5464030868611525	0	0	0	0	0	False	False	False	0	0	0	3731	11830	31.538461538461537	0	0	0	0
1787305678.7106612	17:47:58	800	799.5	27.8	23.713793702290644	5.662415366850561	1.4460284719551308	2.1592637849338114	1.5331739486091895	0	0	0	0	0	False	False	False	0	0	0	3638	11830	30.75232459847844	0	0	0	0
1787305708.7937317	17:48:28	800	799.25	27.8	25.53644117779937	4.555176083180449	1.3802849773971841	1.8501835360808998	1.5657349574984927	0	0	0	0	0	False	False	False	0	0	0	3607	11830	30.490278951817412	0	0	0	0
1787305742.9099586	17:49:02	800	799.75	27.8	27.780854597357486	5.304723868743895	1.4945703540132116	1.6612468905215043	1.5812410383161837	0	0	0	0	0	False	False	False	0	0	0	3740	11830	31.614539306847	0	0	0	0
1787305772.925788	17:49:32	1600	1599.625	27.8	25.251225348985102	4.5947886468299455	1.2565722990540362	1.4605991010805393	1.561227301518492	0	0	0	0	0	False	False	False	0	0	0	3720	11830	31.445477599323752	0	0	0	0
1787305802.9744492	17:50:02	800	799.75	27.8	36.432356787779625	5.164177484445465	1.3361985762209145	1.5166901957979997	1.5674731613986146	0	0	0	0	0	False	False	False	0	0	0	3769	11830	31.859678782755708	0	0	0	0
1787305833.0059257	17:50:33	800	799.5	27.8	37.46061147462765	5.695041097711436	1.5269152367496983	1.7148063027444829	1.5772210629032926	0	0	0	0	0	False	False	False	0	0	0	3765	11830	31.825866441251055	0	0	0	0
1787305863.008983	17:51:03	800	749.875	27.8	23.032828129447235	5.839846297915721	1.3429554277398938	2.070900535033626	1.5084426966585178	0	0	0	0	0	False	False	False	0	0	0	3772	11830	31.885038038884193	0	0	0	0
1787305898.0460355	17:51:38	800	799.75	27.8	22.776419495835903	4.7712097979152635	1.2987540462053664	1.643808575917394	1.5445602768637166	0	0	0	0	0	False	False	False	0	0	0	3731	11830	31.538461538461537	0	0	0	0
1787305928.0606716	17:52:08	800	749.75	27.8	23.450826560587572	4.584963237924691	1.3372990747675968	1.681584947150184	1.5415273852230156	0	0	0	0	0	False	False	False	0	0	0	3721	11830	31.453930684699916	0	0	0	0
1787305958.1122205	17:52:38	800	799.75	27.8	23.95005762838725	5.469521687342249	1.3934052112614919	2.0788807169580745	1.5338326217953508	0	0	0	0	0	False	False	False	0	0	0	3717	11830	31.420118343195263	0	0	0	0
1787305988.1180158	17:53:08	800	799.375	27.8	25.1881016657287	5.258296868111821	1.4241776342900145	1.959036068337661	1.5418744554160082	0	0	0	0	0	False	False	False	0	0	0	3714	11830	31.39475908706678	0	0	0	0
1787306023.6862788	17:53:43	800	749.75	27.8	2.642298794882994	1.68032263828464	0.6224468596473948	0.5275796735782576	0.8447325256191155	0	0	0	0	0	False	False	False	0	0	0	3760	11830	31.783601014370245	0	0	0	0
1787306053.7171948	17:54:13	800	599.875	27.8	5.251523967065321	1.7596346696757088	0.23637402833278712	0.033451302658568424	0.5737604315198525	0	0	0	0	0	False	False	False	0	0	0	3782	11830	31.969568892645817	0	0	0	0
1787306083.7607045	17:54:43	800	499.875	27.8	2.082430341963887	1.5327489152478855	0.18607631684174186	0.03216183590810645	0.563466008513553	0	0	0	0	0	False	False	False	0	0	0	3793	11830	32.062552831783606	0	0	0	0
1787306113.7858734	17:55:13	800	699.875	27.8	1.8806838844916172	1.5014923825009125	0.18870278213717653	0.0328097079851383	0.5648926169445155	0	0	0	0	0	False	False	False	0	0	0	3565	11830	30.135249366018595	0	0	0	0
1787306144.029317	17:55:44	800	550.0	27.8	4.1327836882739915	1.826882602084793	0.31492098662423695	0.09840371798283659	0.6207954281533403	0	0	0	0	0	False	False	False	0	0	0	3555	11830	30.050718512256974	0	0	0	0
1787306174.0500152	17:56:14	800	749.625	27.8	21.868920245552008	5.3531537682560995	1.2910742681627054	1.8446215387055167	1.5299002030579234	0	0	0	0	0	False	False	False	0	0	0	3710	11830	31.360946745562128	0	0	0	0
1787306204.1549938	17:56:44	800	799.625	27.8	23.411759461506833	4.915134646448046	1.2618417305702916	1.585010382754276	1.539945468161873	0	0	0	0	0	False	False	False	0	0	0	3695	11830	31.234150464919697	0	0	0	0
1787306238.3707056	17:57:18	800	796.5	27.8	25.640036606833775	4.677326816930201	1.4581742820701402	1.7516227490939817	1.5600518578195457	0	0	0	0	0	False	False	False	0	0	0	3765	11830	31.825866441251055	0	0	0	0
1787306268.3964458	17:57:48	800	799.5	27.8	29.41870074118239	5.618692738675621	1.503594259600698	1.9541665003711237	1.5555480815536142	0	0	0	0	0	False	False	False	0	0	0	3677	11830	31.081994928148777	0	0	0	0
1787306298.428323	17:58:18	800	799.625	27.8	25.7517415568805	5.261496525885046	1.436494150431806	2.049307031094947	1.5391456202023517	0	0	0	0	0	False	False	False	0	0	0	3768	11830	31.851225697379544	0	0	0	0
1787306328.4380624	17:58:48	800	799.625	27.8	26.13188531650431	5.641557881625938	1.5085681744130093	2.1590550295122344	1.5375170277507995	0	0	0	0	0	False	False	False	0	0	0	3734	11830	31.563820794590026	0	0	0	0
1787306358.4710941	17:59:18	800	749.875	27.8	25.624285613649057	5.822224987947854	1.49027992450678	2.1944670704247056	1.5405854206985425	0	0	0	0	0	False	False	False	0	0	0	3763	11830	31.80896027049873	0	0	0	0
1787306388.5087855	17:59:48	800	799.875	27.8	28.990064168688683	5.444610376449457	1.4037117244094897	1.344382917067201	1.315667128368709	0	0	0	0	0	False	False	False	0	0	0	3807	11830	32.18089602704987	0	0	0	0
1787306418.5220916	18:00:18	800	699.625	27.8	32.6165295981317	5.546731305049839	1.5090762885500413	2.1968772702105746	1.523820713015594	0	0	0	0	0	False	False	False	0	0	0	3862	11830	32.6458157227388	0	0	0	0
1787306448.549297	18:00:48	800	799.625	27.8	28.101307278546805	4.6623472500463405	1.8142110162512766	1.4562237989083786	1.6119398666103568	0	0	0	0	0	False	False	False	0	0	0	3871	11830	32.72189349112426	0	0	0	0
1787306478.5891294	18:01:18	800	799.5	27.8	35.47264074224452	5.670669044689779	1.2583862578685276	1.4569031037040652	1.5649141247218445	0	0	0	0	0	False	False	False	0	0	0	3863	11830	32.65426880811496	0	0	0	0
1787306508.6217515	18:01:48	800	799.625	27.8	24.340512552805123	5.025309628127743	1.2484045592687727	1.5825404295954528	1.5510404440334637	0	0	0	0	0	False	False	False	0	0	0	3774	11830	31.90194420963652	0	0	0	0
1787306538.6379	18:02:18	800	799.75	27.8	39.03985960911032	5.0292364916298125	1.2860848287410465	1.3875970338510544	1.5724895943270947	0	0	0	0	0	False	False	False	0	0	0	3850	11830	32.544378698224854	0	0	0	0
1787306568.6599922	18:02:48	800	799.875	27.8	32.41257232301245	5.466560712393073	1.2982924043175543	1.5457096067147869	1.5623115558911296	0	0	0	0	0	False	False	False	0	0	0	3887	11830	32.857142857142854	0	0	0	0
1787306598.6871634	18:03:18	800	799.375	27.8	24.723753965778798	4.885759814058029	1.2684439568809736	1.5407401242975645	1.5564745586016615	0	0	0	0	0	False	False	False	0	0	0	3863	11830	32.65426880811496	0	0	0	0
1787306628.7276177	18:03:48	800	799.625	27.8	24.64480683285005	4.742773370028414	1.1752561396012173	1.344082726377306	1.5687337511100907	0	0	0	0	0	False	False	False	0	0	0	3841	11830	32.46830092983939	0	0	0	0
1787306663.7436168	18:04:23	800	799.625	27.8	22.199671368132705	4.771226827781233	1.3093844607499208	1.5013333856715922	1.5676615093412394	0	0	0	0	0	False	False	False	0	0	0	3754	11830	31.73288250211327	0	0	0	0
1787306693.773682	18:04:53	800	799.625	27.8	22.384011574858555	5.125277681401068	1.2597726464161176	1.5735994018674118	1.5520373393938092	0	0	0	0	0	False	False	False	0	0	0	3745	11830	31.65680473372781	0	0	0	0
1787306723.794529	18:05:23	800	749.5	27.8	22.684075019497406	4.675943234935907	1.3017782727591887	1.6518986541764173	1.5498904962174893	0	0	0	0	0	False	False	False	0	0	0	3752	11830	31.715976331360945	0	0	0	0
1787306753.8634288	18:05:53	800	799.625	27.8	25.6082878383214	4.6747777011016565	1.250211203502863	1.4538884631567486	1.5640526827788617	0	0	0	0	0	False	False	False	0	0	0	3755	11830	31.741335587489434	0	0	0	0
1787306789.5770679	18:06:29	800	799.875	27.8	22.17171657795195	6.062297175464673	1.3866365958515667	2.0485289812049694	1.5204770550063824	0	0	0	0	0	False	False	False	0	0	0	3606	11830	30.481825866441252	0	0	0	0
1787306823.8813243	18:07:03	800	799.875	27.8	21.354032431627303	5.062545899567912	1.3088156804929318	1.6117575392938717	1.5506699794490257	0	0	0	0	0	False	False	False	0	0	0	3605	11830	30.473372781065088	0	0	0	0
1787306853.9332757	18:07:33	800	799.625	27.8	24.819281199504033	5.118357064034693	1.4149716205753353	2.0435587119830063	1.5193132885512257	0	0	0	0	0	False	False	False	0	0	0	3616	11830	30.566356720202876	0	0	0	0
1787306883.9366043	18:08:03	800	750.0	27.8	24.909406536858683	4.749601968740745	1.2500813557582715	1.4534143277403677	1.56831966010954	0	0	0	0	0	False	False	False	0	0	0	3623	11830	30.62552831783601	0	0	0	0
1787306913.9663804	18:08:33	800	799.5	27.8	42.28899077437815	5.136484843712831	1.2919747505756165	1.5248275623323901	1.5644104819834224	0	0	0	0	0	False	False	False	0	0	0	3685	11830	31.149619611158073	0	0	0	0
1787306943.979402	18:09:03	801	749.75	27.8	24.88823217716175	4.861720390315936	1.2726050067499821	1.5857942329610506	1.5554823382935559	0	0	0	0	0	False	False	False	0	0	0	3696	11830	31.242603550295854	0	0	0	0
1787306974.0224936	18:09:34	800	799.625	27.8	24.592764293594318	5.1127594275017465	1.4030070959044507	2.0859766644333706	1.5185030070668484	0	0	0	0	0	False	False	False	0	0	0	3706	11830	31.32713440405748	0	0	0	0
1787307004.0389643	18:10:04	800	799.875	27.8	24.8818711933877	4.688521480031799	1.4316623919520006	1.4304250687837516	1.5920092510681678	0	0	0	0	0	False	False	False	0	0	0	3711	11830	31.369399830938292	0	0	0	0
1787307034.0847337	18:10:34	800	799.5	27.8	24.757646230075377	4.804518610319873	1.2696811121442115	1.543396961716128	1.5570084869046126	0	0	0	0	0	False	False	False	0	0	0	3726	11830	31.496196111580726	0	0	0	0
1787307064.0896108	18:11:04	800	799.625	27.8	24.976369001873906	4.649236171831357	1.2819321730281443	1.5959722224846844	1.5436919413637218	0	0	0	0	0	False	False	False	0	0	0	3676	11830	31.073541842772613	0	0	0	0
1787307094.1383104	18:11:34	800	749.75	27.8	27.75561761952804	4.944432828141626	1.2687254622894826	1.6044353099484268	1.554767790336219	0	0	0	0	0	False	False	False	0	0	0	3687	11830	31.166525781910398	0	0	0	0
1787307124.1502936	18:12:04	800	749.875	27.8	29.375430834802085	5.57386819587959	1.2695259155048018	1.553307168598315	1.5600359087073266	0	0	0	0	0	False	False	False	0	0	0	3678	11830	31.090448013524934	0	0	0	0
1787307154.1817355	18:12:34	800	799.625	27.8	24.988141168110143	5.102311917894602	1.3741363602130374	2.220819852810898	1.4969167147448756	0	0	0	0	0	False	False	False	0	0	0	3646	11830	30.81994928148774	0	0	0	0
1787307189.1935976	18:13:09	800	749.75	27.8	19.950116580407144	5.515803624837931	1.3649563138757521	2.3036713824367685	1.4968658727300417	0	0	0	0	0	False	False	False	0	0	0	3658	11830	30.92138630600169	0	0	0	0
1787307219.2286766	18:13:39	800	799.375	27.8	22.758469554900966	5.791635208648696	1.3386978455408338	2.0582436494499485	1.5050794661006581	0	0	0	0	0	False	False	False	0	0	0	3632	11830	30.70160608622147	0	0	0	0
1787307254.7988255	18:14:14	800	576.375	27.8	2.40918101891707	1.6382776989622665	0.9760815732017285	1.0744977459482628	1.0462440545224907	0	0	0	0	0	False	False	False	0	0	0	3695	11830	31.234150464919697	0	0	0	0
1787307284.8102498	18:14:44	799	449.875	27.8	1.9295687931097247	1.5222454485832633	0.1944430734196497	0.03267050242403215	0.5641007259815662	0	0	0	0	0	False	False	False	0	0	0	3700	11830	31.276415891800507	0	0	0	0
1787307314.8347418	18:15:14	800	749.75	27.8	1.6795703858289963	1.4821202053435445	0.17778746259606742	0.032200047229880555	0.5631636698193017	0	0	0	0	0	False	False	False	0	0	0	3686	11830	31.158072696534234	0	0	0	0
1787307344.8732731	18:15:44	707	513.25	27.8	1.6552709995233088	1.471288259380108	0.16995823347728312	0.031983802925122776	0.5634288326183055	0	0	0	0	0	False	False	False	0	0	0	3702	11830	31.293322062552832	0	0	0	0
1787307374.9119172	18:16:14	800	500.0	27.8	1.7806756240333732	1.43719390714124	0.1715744371615923	0.0320422191090031	0.5625284761773597	0	0	0	0	0	False	False	False	0	0	0	3706	11830	31.32713440405748	0	0	0	0
1787307404.9329984	18:16:44	800	450.0	27.8	1.7298241254757472	1.4263116470344115	0.16760955482973686	0.031119655058594264	0.5622064399967021	0	0	0	0	0	False	False	False	0	0	0	3701	11830	31.28486897717667	0	0	0	0
1787307435.2285645	18:17:15	800	799.75	27.8	22.541502371891045	4.702918464877972	1.2626602389339185	1.5652683528649223	1.554501230511776	0	0	0	0	0	False	False	False	0	0	0	3759	11830	31.775147928994084	0	0	0	0
1787307465.282058	18:17:45	800	799.75	27.8	24.774243096930864	5.343026624477292	1.3765585282902704	1.6656493825100338	1.5679123539477526	0	0	0	0	0	False	False	False	0	0	0	3748	11830	31.6821639898563	0	0	0	0
